{
    "Ar36": {
        "error": 0.0006586188634835703, 
        "filter_outliers_dict": {
            "filter_outliers": true, 
            "iterations": 1, 
            "std_devs": 2
        }, 
        "fit": "Linear", 
        "value": 0.07244861222814367
    }, 
    "Ar37": {
        "error": 0.012435301981527045, 
        "filter_outliers_dict": {
            "filter_outliers": true, 
            "iterations": 1, 
            "std_devs": 2
        }, 
        "fit": "linear", 
        "value": 19.30941145406537
    }, 
    "Ar38": {
        "error": 0.004691039950261665, 
        "filter_outliers_dict": {
            "filter_outliers": true, 
            "iterations": 1, 
            "std_devs": 2
        }, 
        "fit": "linear", 
        "value": 1.632414139225474
    }, 
    "Ar39": {
        "error": 0.023148628324097403, 
        "filter_outliers_dict": {
            "filter_outliers": true, 
            "iterations": 1, 
            "std_devs": 2
        }, 
        "fit": "Linear", 
        "value": 125.57070883259986
    }, 
    "Ar40": {
        "error": 0.06077419292375304, 
        "filter_outliers_dict": {
            "filter_outliers": true, 
            "iterations": 1, 
            "std_devs": 2
        }, 
        "fit": "Linear", 
        "value": 633.8652532175659
    }, 
    "PM41": {
        "error": 0.06652436818593035, 
        "filter_outliers_dict": {
            "filter_outliers": false, 
            "iterations": 1, 
            "std_devs": 2
        }, 
        "fit": "linear", 
        "value": -0.15428172039025476
    }
}