{
    "Ar36": {
        "error": 0.00023791011514923667, 
        "filter_outliers_dict": {
            "filter_outliers": true, 
            "iterations": 1, 
            "std_devs": 2
        }, 
        "fit": "Linear", 
        "value": 0.01052451227232232
    }, 
    "Ar37": {
        "error": 0.010806984259556477, 
        "filter_outliers_dict": {
            "filter_outliers": true, 
            "iterations": 1, 
            "std_devs": 2
        }, 
        "fit": "linear", 
        "value": 9.325729851051895
    }, 
    "Ar38": {
        "error": 0.005385885563846375, 
        "filter_outliers_dict": {
            "filter_outliers": true, 
            "iterations": 1, 
            "std_devs": 2
        }, 
        "fit": "linear", 
        "value": 0.3336446947100748
    }, 
    "Ar39": {
        "error": 0.012859965749576598, 
        "filter_outliers_dict": {
            "filter_outliers": true, 
            "iterations": 1, 
            "std_devs": 2
        }, 
        "fit": "Linear", 
        "value": 1.6025167413919972
    }, 
    "Ar40": {
        "error": 0.02440364176667249, 
        "filter_outliers_dict": {
            "filter_outliers": true, 
            "iterations": 1, 
            "std_devs": 2
        }, 
        "fit": "Linear", 
        "value": 11.409475085891142
    }, 
    "PM41": {
        "error": 0.06642007171368479, 
        "filter_outliers_dict": {
            "filter_outliers": false, 
            "iterations": 1, 
            "std_devs": 2
        }, 
        "fit": "linear", 
        "value": -0.17519629080445587
    }
}